{"timestamps": [1490037040.746387], "initial_reset_timestamp": 1490037038.499749, "episode_types": ["t", "t"], "episode_lengths": [645], "episode_rewards": [115.0]}