{"timestamps": [1490032655.344996], "initial_reset_timestamp": 1490032652.346764, "episode_types": ["t", "t"], "episode_lengths": [857], "episode_rewards": [135.0]}