{"timestamps": [1489735972.357637], "initial_reset_timestamp": 1489735969.93074, "episode_types": ["t"], "episode_lengths": [643], "episode_rewards": [140.0]}