{"timestamps": [1489738235.645675], "initial_reset_timestamp": 1489738232.581148, "episode_types": ["t"], "episode_lengths": [827], "episode_rewards": [210.0]}