{"timestamps": [1489737101.401871], "initial_reset_timestamp": 1489737098.99456, "episode_types": ["t"], "episode_lengths": [648], "episode_rewards": [50.0]}