{"timestamps": [1490033596.899301], "initial_reset_timestamp": 1490033594.444197, "episode_types": ["t", "t"], "episode_lengths": [697], "episode_rewards": [290.0]}