{"timestamps": [1489734837.582531], "initial_reset_timestamp": 1489734835.174586, "episode_types": ["t"], "episode_lengths": [637], "episode_rewards": [35.0]}