{"timestamps": [1490038486.344437], "initial_reset_timestamp": 1490038484.128398, "episode_types": ["t", "t"], "episode_lengths": [632], "episode_rewards": [135.0]}