{"timestamps": [1490039449.057262], "initial_reset_timestamp": 1490039445.678559, "episode_types": ["t", "t"], "episode_lengths": [958], "episode_rewards": [180.0]}