{"timestamps": [1490046598.250097], "initial_reset_timestamp": 1490046594.502653, "episode_types": ["t", "t"], "episode_lengths": [828], "episode_rewards": [310.0]}