{"timestamps": [1489759653.787559], "initial_reset_timestamp": 1489759650.180702, "episode_types": ["t"], "episode_lengths": [958], "episode_rewards": [20.0]}