{"timestamps": [1489706257.684732], "initial_reset_timestamp": 1489706255.513517, "episode_types": ["t"], "episode_lengths": [483], "episode_rewards": [15.0]}