{"timestamps": [1490040404.039854], "initial_reset_timestamp": 1490040401.912225, "episode_types": ["t", "t"], "episode_lengths": [621], "episode_rewards": [105.0]}