{"timestamps": [1489737671.697066], "initial_reset_timestamp": 1489737668.462104, "episode_types": ["t"], "episode_lengths": [870], "episode_rewards": [185.0]}