{"timestamps": [1490034069.666078], "initial_reset_timestamp": 1490034067.432008, "episode_types": ["t", "t"], "episode_lengths": [621], "episode_rewards": [110.0]}