{"timestamps": [1490038968.757298], "initial_reset_timestamp": 1490038966.479521, "episode_types": ["t", "t"], "episode_lengths": [645], "episode_rewards": [115.0]}