{"timestamps": [1490043409.971957], "initial_reset_timestamp": 1490043407.443804, "episode_types": ["t", "t"], "episode_lengths": [557], "episode_rewards": [135.0]}