{"timestamps": [1490042146.375982], "initial_reset_timestamp": 1490042142.857378, "episode_types": ["t", "t"], "episode_lengths": [761], "episode_rewards": [180.0]}