{"timestamps": [1489760731.990845], "initial_reset_timestamp": 1489760728.481906, "episode_types": ["t"], "episode_lengths": [834], "episode_rewards": [155.0]}