{"timestamps": [1490036555.030525], "initial_reset_timestamp": 1490036552.714784, "episode_types": ["t", "t"], "episode_lengths": [662], "episode_rewards": [160.0]}