{"timestamps": [1490037524.306796], "initial_reset_timestamp": 1490037520.720016, "episode_types": ["t", "t"], "episode_lengths": [1041], "episode_rewards": [455.0]}