{"timestamps": [1489761818.826511], "initial_reset_timestamp": 1489761816.942247, "episode_types": ["t"], "episode_lengths": [407], "episode_rewards": [30.0]}