{"timestamps": [1490045966.36912], "initial_reset_timestamp": 1490045958.479936, "episode_types": ["t", "t"], "episode_lengths": [1762], "episode_rewards": [695.0]}