{"timestamps": [1490045323.478563], "initial_reset_timestamp": 1490045320.606993, "episode_types": ["t", "t"], "episode_lengths": [634], "episode_rewards": [155.0]}