{"timestamps": [1490035010.986215], "initial_reset_timestamp": 1490035008.646079, "episode_types": ["t", "t"], "episode_lengths": [660], "episode_rewards": [105.0]}