{"timestamps": [1489738794.38939], "initial_reset_timestamp": 1489738792.955314, "episode_types": ["t"], "episode_lengths": [381], "episode_rewards": [105.0]}