{"timestamps": [1490041177.842313], "initial_reset_timestamp": 1490041174.354818, "episode_types": ["t", "t"], "episode_lengths": [761], "episode_rewards": [180.0]}