{"timestamps": [1490039927.065922], "initial_reset_timestamp": 1490039922.156041, "episode_types": ["t", "t"], "episode_lengths": [1421], "episode_rewards": [420.0]}