{"timestamps": [1489706280.462147], "initial_reset_timestamp": 1489706276.989322, "episode_types": ["t"], "episode_lengths": [639], "episode_rewards": [55.0]}