{"timestamps": [1489763874.224013], "initial_reset_timestamp": 1489763870.713925, "episode_types": ["t"], "episode_lengths": [964], "episode_rewards": [20.0]}