{"timestamps": [1489733740.454572], "initial_reset_timestamp": 1489733738.068272, "episode_types": ["t"], "episode_lengths": [639], "episode_rewards": [15.0]}