{"timestamps": [1489706183.071713], "initial_reset_timestamp": 1489706180.458242, "episode_types": ["t"], "episode_lengths": [627], "episode_rewards": [35.0]}