{"timestamps": [1489736539.26129], "initial_reset_timestamp": 1489736535.900913, "episode_types": ["t"], "episode_lengths": [825], "episode_rewards": [230.0]}