{"timestamps": [1490033116.876999], "initial_reset_timestamp": 1490033112.397606, "episode_types": ["t", "t"], "episode_lengths": [1277], "episode_rewards": [185.0]}