{"timestamps": [1490047225.407293], "initial_reset_timestamp": 1490047221.099599, "episode_types": ["t", "t"], "episode_lengths": [952], "episode_rewards": [170.0]}