{"timestamps": [1490035496.148529], "initial_reset_timestamp": 1490035492.262723, "episode_types": ["t", "t"], "episode_lengths": [1143], "episode_rewards": [260.0]}