{"timestamps": [1489759174.763675], "initial_reset_timestamp": 1489759173.417679, "episode_types": ["t"], "episode_lengths": [355], "episode_rewards": [30.0]}