{"timestamps": [1489734289.800918], "initial_reset_timestamp": 1489734287.336676, "episode_types": ["t"], "episode_lengths": [653], "episode_rewards": [35.0]}