{"timestamps": [1490032207.566987], "initial_reset_timestamp": 1490032205.268656, "episode_types": ["t", "t"], "episode_lengths": [659], "episode_rewards": [110.0]}