{"timestamps": [1489735397.715268], "initial_reset_timestamp": 1489735394.950051, "episode_types": ["t"], "episode_lengths": [728], "episode_rewards": [110.0]}